,maxval_y,shift_y
0,0.94501551,0.0
1,0.55456205,0.0
2,0.75935934,0.0
3,0.56550695,0.0
4,0.6545578,0.0
5,0.67529876,0.0
6,1.0,0.0
