,maxval_y,shift_y
0,9.36088075252179,3.6888790541140164
