,maxval_y,shift_y
0,54.8174755341101,71.30750731577308
