,maxval_y,shift_y
0,13.70809550000002,2.026468575e-14
