,maxval_y,shift_y
0,0.9851751875000001,1.93514605e-17
