,maxval_y,shift_y
0,55.426513150247544,71.61904467057354
