,mu,sigma
0,231784.0189708374,21109068230.178562
1,5811.913242009133,5003501.3455932895
2,1.2634613384909412,0.19168181353103245
3,0.47673671714671867,0.03601383664106755
4,0.13490368316281734,0.008888181349375279
5,0.1342346207357176,0.008481327407179258
6,0.2475966165610454,0.02058260234066922
7,0.006528362393700757,8.149059617071839e-05
8,0.5616438356164384,0.6845562019140621
