,maxval_y,shift_y
0,6.5648013750000045,4.421484625e-15
