,maxval_y,shift_y
0,7.446091375000027,2.6529057e-14
