,maxval_y,shift_y
0,5.8270219750000045,3.185926225e-15
