,maxval_y,shift_y
0,51.35633494895809,68.62933261278577
