,maxval_y_1,shift_y_1,maxval_y_2,shift_y_2
0,6.183907886320789e+21,630477194.5547789,32.21683491925583,32.21683491925583
