,maxval_y,shift_y
0,5.000777032662401e-13,1.2712956432473033e-32
