,maxval_y_1,shift_y_1,maxval_y_2,shift_y_2
0,5.199824694277929e+20,86272394.92909491,31.729891633731206,31.729891633731206
