,maxval_y,shift_y
0,5.827551513448343,2.2719359999999994e-85
