,maxval_y,shift_y
0,6.95262984415274,0.009867077862486315
