,maxval_y,shift_y
0,452.0353944803175,0.024999999999999998
