,maxval_y,shift_y
0,5.84316430148392,2.2719359999999994e-85
