,maxval_y_1,shift_y_1,maxval_y_2,shift_y_2
0,1.172596175276337e+22,1845207119.254815,31.782820014762496,31.782820014762496
