,maxval_y,shift_y
0,466.67983523315644,0.024999999999999998
