,maxval_y,shift_y
0,5.000777032662401e-13,1.17452703206272e-32
