,maxval_y_1,shift_y_1,maxval_y_2,shift_y_2
0,5.730882972755854e+20,145152181.44318533,31.30686329098634,31.30686329098634
