,maxval_y,shift_y
0,6.952608765575742,0.009845999285488339
