,mu,sigma
0,398173.44131643703,98635531663.64468
1,5780.581871345029,5109454.132185962
2,1.3000979324814197,0.1760376840448084
3,0.24192824440378405,0.017054516867501306
4,0.23629242681407198,0.018511813946945982
5,0.22718156539196055,0.01661630282588905
6,0.2475199571750061,0.016302359691652238
7,0.04707780621517765,0.0011219103370442877
