,maxval_y,shift_y
0,5.000777032662401e-13,1.261474105945353e-32
