,maxval_y_1,shift_y_1,maxval_y_2,shift_y_2
0,8.738961895655613e+21,630477194.5547789,32.562675909938854,32.562675909938854
