,maxval_y_1,shift_y_1,maxval_y_2,shift_y_2
0,1.731928807197012e+22,251240.74419753248,41.074525945106714,41.074525945106714
