,maxval_y,shift_y
0,39.46144811102844,55.73467047839946
