,maxval_y,shift_y
0,6.62725959809447,1.4712923984249265e-100
