,maxval_y,shift_y
0,14.085225632768841,5.719086289510849e-70
