,mu,sigma
0,365109.97654880147,90600650304.39114
1,5075.399598393575,4823026.6656223405
2,1.2790461487273894,0.18068578793420634
3,0.24572977267236049,0.017649318210389894
4,0.24543955119278563,0.019819201933465227
5,0.22284058020993577,0.017256578656725335
6,0.24713404355131977,0.016652193674265785
7,0.03885605237359841,0.0010782342083597589
