,maxval_y,shift_y
0,14.16690511613325,5.719086289510849e-70
