,maxval_y,shift_y
0,36.395255933628505,52.71489845711336
